chip_id,decision,timestamp
c+004217_r+001757,negative,2026-05-25T20:58:25.958Z
c-004770_r+001994,keep,2026-05-25T20:58:29.228Z
c+004835_r+001920,keep,2026-05-25T20:58:37.341Z
c+001896_r+001152,keep,2026-05-25T20:59:35.904Z
c+004106_r+001904,reject,2026-05-25T20:59:38.282Z
c+003483_r+001960,keep,2026-05-25T20:59:39.752Z
c+003341_r+001812,keep,2026-05-25T20:59:42.649Z
c-005067_r+001944,reject,2026-05-25T20:59:52.286Z
c-005146_r+001617,keep,2026-05-25T20:59:55.015Z
c+005117_r+002478,keep,2026-05-25T20:59:58.999Z
c+004769_r+001833,reject,2026-05-25T21:00:01.232Z
c+004216_r+001757,negative,2026-05-25T21:00:03.515Z
c+002314_r+002689,keep,2026-05-25T21:00:05.261Z
c+004375_r+001685,keep,2026-05-25T21:00:07.519Z
c-004426_r+001071,reject,2026-05-25T21:00:11.949Z
c+001721_r+000922,keep,2026-05-25T21:00:13.430Z
c+004485_r+001223,reject,2026-05-25T21:00:15.027Z
c-005147_r+001619,keep,2026-05-25T21:00:17.337Z
c-004906_r+001537,keep,2026-05-25T21:00:20.128Z
c+003462_r+001933,keep,2026-05-25T21:00:22.386Z
c+004221_r+001754,reject,2026-05-25T21:00:24.582Z
c-003078_r-001291,keep,2026-05-25T21:00:25.827Z
c+001721_r+000923,keep,2026-05-25T21:00:27.187Z
c-005148_r+001619,keep,2026-05-25T21:00:28.674Z
c+005118_r+002477,keep,2026-05-25T21:00:32.548Z
c-004997_r+001701,keep,2026-05-25T21:00:34.569Z
c+004369_r+001687,keep,2026-05-25T21:00:36.399Z
c+005370_r+002219,reject,2026-05-25T21:00:39.111Z
c+004230_r+001754,keep,2026-05-25T21:00:44.385Z
c-003909_r+001874,reject,2026-05-25T21:00:51.252Z
c+004220_r+001754,reject,2026-05-25T21:00:53.107Z
c+001720_r+000922,keep,2026-05-25T21:00:54.899Z
c+004909_r+001902,keep,2026-05-25T21:01:01.883Z
c+001720_r+000923,keep,2026-05-25T21:01:03.083Z
c+004908_r+001902,keep,2026-05-25T21:01:06.023Z
c+004732_r+001925,keep,2026-05-25T21:01:10.527Z
c+003696_r+002236,reject,2026-05-25T21:01:22.810Z
c+004909_r+001900,reject,2026-05-25T21:01:30.310Z
c+003709_r+002000,keep,2026-05-25T21:01:33.660Z
c+003340_r+001812,keep,2026-05-25T21:01:35.741Z
c-004906_r+001538,keep,2026-05-25T21:01:37.699Z
c+004440_r+001821,keep,2026-05-25T21:01:40.624Z
c+004221_r+001755,reject,2026-05-25T21:01:42.348Z
c+004769_r+001831,keep,2026-05-25T21:01:44.510Z
c+003339_r+001814,keep,2026-05-25T21:01:46.086Z
c-004916_r+001817,keep,2026-05-25T21:01:47.674Z
c+003811_r+002174,reject,2026-05-25T21:01:53.665Z
c+004909_r+001898,keep,2026-05-25T21:01:58.760Z
c-004633_r+001446,keep,2026-05-25T21:02:00.581Z
c-004143_r+001330,keep,2026-05-25T21:02:05.031Z
c-005146_r+001619,keep,2026-05-25T21:02:07.860Z
c+004813_r+001613,reject,2026-05-25T21:02:13.201Z
c+003412_r+001893,keep,2026-05-25T21:02:14.935Z
c+004375_r+001688,reject,2026-05-25T21:02:17.451Z
c+004560_r+001762,reject,2026-05-25T21:02:19.285Z
c+002820_r+001876,reject,2026-05-25T21:02:22.290Z
c+003112_r+001216,keep,2026-05-25T21:02:29.526Z
c+004373_r+001690,reject,2026-05-25T21:02:33.793Z
c+004918_r+001906,keep,2026-05-25T21:02:47.982Z
c+004372_r+001683,reject,2026-05-25T21:02:51.593Z
c+003342_r+001810,keep,2026-05-25T21:02:54.693Z
c-004853_r+001512,keep,2026-05-25T21:02:58.151Z
c+003460_r+001933,keep,2026-05-25T21:02:59.715Z
c+004222_r+001757,reject,2026-05-25T21:03:03.001Z
c+004688_r+001764,keep,2026-05-25T21:03:07.126Z
c+004376_r+001363,reject,2026-05-25T21:03:08.784Z
c+004220_r+001755,reject,2026-05-25T21:03:10.628Z
c+004929_r+001481,reject,2026-05-25T21:03:14.153Z
c+004221_r+001757,reject,2026-05-25T21:03:16.465Z
c+003193_r+001284,reject,2026-05-25T21:03:21.904Z
c+004374_r+001686,reject,2026-05-25T21:03:24.692Z
c-004849_r+001515,keep,2026-05-25T21:03:30.423Z
c+003193_r+001285,reject,2026-05-25T21:03:32.942Z
c+004909_r+001901,reject,2026-05-25T21:03:36.935Z
c+004588_r+001159,reject,2026-05-25T21:03:39.228Z
c+004449_r+001794,reject,2026-05-25T21:03:44.526Z
c+003548_r+001098,keep,2026-05-25T21:03:49.093Z
c+005384_r+002315,keep,2026-05-25T21:03:52.295Z
c+005135_r+001794,reject,2026-05-25T21:03:58.714Z
c+004884_r+001414,reject,2026-05-25T21:04:07.423Z
c+004441_r+001822,keep,2026-05-25T21:04:10.393Z
c+002936_r+001907,reject,2026-05-25T21:04:13.059Z
c+004055_r+001725,reject,2026-05-25T21:04:16.417Z
c-001961_r-000528,reject,2026-05-25T21:04:18.860Z
c+003462_r+001934,keep,2026-05-25T21:04:21.196Z
c+005043_r+001455,reject,2026-05-25T21:04:26.061Z
c+004908_r+001901,reject,2026-05-25T21:04:40.530Z
c-005136_r+001630,keep,2026-05-25T21:04:45.212Z
c-004310_r+001315,keep,2026-05-25T21:04:51.763Z
c-005102_r+001627,reject,2026-05-25T21:04:57.060Z
c+005347_r+002250,reject,2026-05-25T21:05:01.488Z
c+004812_r+001613,reject,2026-05-25T21:05:09.841Z
c+006519_r-001492,keep,2026-05-25T21:05:15.057Z
c-005156_r+001617,keep,2026-05-25T21:05:20.179Z
c+003340_r+001813,keep,2026-05-25T21:05:23.255Z
c+003188_r+001278,reject,2026-05-25T21:05:27.837Z
c+004373_r+001684,reject,2026-05-25T21:05:31.204Z
c+004781_r+001953,reject,2026-05-25T21:05:34.946Z
c+004372_r+001690,reject,2026-05-25T21:05:36.516Z
c+004567_r+001764,keep,2026-05-25T21:05:39.596Z
c+005137_r+001860,keep,2026-05-25T21:05:43.229Z
c-003339_r+001736,keep,2026-05-25T21:05:55.329Z
c-005029_r+001504,keep,2026-05-25T21:05:57.831Z
c+004586_r+001160,keep,2026-05-25T21:06:03.870Z
c+004608_r+001739,reject,2026-05-25T21:06:08.903Z
c+004846_r+001662,reject,2026-05-25T21:06:13.956Z
c+004222_r+001755,reject,2026-05-25T21:06:16.522Z
c+004366_r+001681,reject,2026-05-25T21:06:18.720Z
c+004370_r+001685,reject,2026-05-25T21:06:21.264Z
c+005369_r+001899,keep,2026-05-25T21:06:24.454Z
c+004365_r+001681,reject,2026-05-25T21:06:26.632Z
c+003191_r+001286,reject,2026-05-25T21:06:31.837Z
c+004441_r+001821,keep,2026-05-25T21:06:34.306Z
c+004322_r+001328,reject,2026-05-25T21:06:35.962Z
c+003605_r+002165,reject,2026-05-25T21:06:42.628Z
c-004849_r+001514,reject,2026-05-25T21:06:48.416Z
c-004474_r+001486,keep,2026-05-25T21:06:53.529Z
c-004991_r+001708,keep,2026-05-25T21:06:57.003Z
c-005036_r+001683,keep,2026-05-25T21:07:01.270Z
c+005118_r+002478,keep,2026-05-25T21:07:07.173Z
c+003096_r+001070,reject,2026-05-25T21:07:13.903Z
c+004781_r+001952,reject,2026-05-25T21:07:16.730Z
c+004448_r+001803,keep,2026-05-25T21:07:19.479Z
c+004141_r+001697,reject,2026-05-25T21:07:21.386Z
c+004842_r+001941,reject,2026-05-25T21:07:25.912Z
c+002412_r+001111,keep,2026-05-25T21:07:29.246Z
c+004689_r+001764,keep,2026-05-25T21:07:32.369Z
c+004373_r+001685,reject,2026-05-25T21:07:35.314Z
c+004442_r+001821,reject,2026-05-25T21:07:37.529Z
c+004374_r+001690,reject,2026-05-25T21:07:39.079Z
c+004607_r+001739,reject,2026-05-25T21:07:43.421Z
c+004365_r+001682,reject,2026-05-25T21:07:45.027Z
c+004367_r+001682,reject,2026-05-25T21:07:48.061Z
c+004784_r+001871,reject,2026-05-25T21:07:52.118Z
c+004584_r+001167,reject,2026-05-25T21:07:59.752Z
c-005214_r+001692,reject,2026-05-25T21:08:03.457Z
c-005150_r+001617,reject,2026-05-25T21:08:05.722Z
c+004361_r+001682,reject,2026-05-25T21:08:08.353Z
c+005423_r+002250,reject,2026-05-25T21:08:10.619Z
c+002409_r+001110,reject,2026-05-25T21:08:15.253Z
c+004370_r+001681,reject,2026-05-25T21:08:16.737Z
c-003040_r-001222,keep,2026-05-25T21:08:18.894Z
c+004971_r+001758,reject,2026-05-25T21:08:21.381Z
c+003884_r+002082,reject,2026-05-25T21:08:26.896Z
c-004482_r+001150,keep,2026-05-25T21:08:31.215Z
c+003811_r+002173,reject,2026-05-25T21:08:35.019Z
c+004782_r+001952,reject,2026-05-25T21:08:37.419Z
c+004284_r+001877,reject,2026-05-25T21:08:39.611Z
c+004371_r+001681,reject,2026-05-25T21:08:40.936Z
c-003624_r+001891,keep,2026-05-25T21:08:45.705Z
c+004139_r+001701,reject,2026-05-25T21:08:47.671Z
c-005103_r+001627,reject,2026-05-25T21:08:52.305Z
c+004364_r+001677,reject,2026-05-25T21:08:55.044Z
c+002856_r+001809,reject,2026-05-25T21:08:56.605Z
c-005021_r+001655,keep,2026-05-25T21:08:59.511Z
c+003095_r+001071,keep,2026-05-25T21:09:04.314Z
c+003607_r+002167,reject,2026-05-25T21:09:07.436Z
c+004370_r+001680,reject,2026-05-25T21:09:09.121Z
c+004141_r+001699,reject,2026-05-25T21:09:11.756Z
c+004892_r+001908,reject,2026-05-25T21:09:14.364Z
c+003190_r+001283,reject,2026-05-25T21:09:21.927Z
c+003015_r+001081,reject,2026-05-25T21:09:24.715Z
c+003095_r+001070,keep,2026-05-25T21:09:37.421Z
c+004284_r+001879,keep,2026-05-25T21:09:40.136Z
c-004911_r+001539,keep,2026-05-25T21:09:43.338Z
c+005166_r+001747,keep,2026-05-25T21:09:49.551Z
c+004374_r+001688,reject,2026-05-25T21:09:52.276Z
c+005383_r+002005,reject,2026-05-25T21:09:57.045Z
c+003014_r+001081,reject,2026-05-25T21:10:01.054Z
c+004283_r+001877,reject,2026-05-25T21:10:03.787Z
c-005152_r+001617,reject,2026-05-25T21:10:12.454Z
c+004448_r+001794,reject,2026-05-25T21:10:14.649Z
c+003536_r+001941,reject,2026-05-25T21:10:17.721Z
c-003345_r+001743,reject,2026-05-25T21:10:29.249Z
c+005116_r+001675,keep,2026-05-25T21:10:36.190Z
c+004360_r+001681,reject,2026-05-25T21:10:38.588Z
c-004907_r+001538,keep,2026-05-25T21:10:43.169Z
c+003192_r+001286,reject,2026-05-25T21:10:46.580Z
c+004817_r+001918,keep,2026-05-25T21:10:55.139Z
c-005226_r+002229,keep,2026-05-25T21:10:59.539Z
c+004783_r+001871,keep,2026-05-25T21:11:07.951Z
c-004392_r+001517,keep,2026-05-25T21:11:11.506Z
c-002048_r-000761,reject,2026-05-25T21:11:13.831Z
c+002413_r+001111,keep,2026-05-25T21:11:17.419Z
c+004371_r+001683,reject,2026-05-25T21:11:20.371Z
c+004364_r+001681,reject,2026-05-25T21:11:22.345Z
c-004473_r+001485,keep,2026-05-25T21:11:25.615Z
c+004847_r+001663,reject,2026-05-25T21:11:34.638Z
c-005147_r+001618,reject,2026-05-25T21:11:40.018Z
c-005147_r+001622,keep,2026-05-25T21:11:43.896Z
c-004915_r+001816,keep,2026-05-25T21:11:46.219Z
c-005148_r+001618,reject,2026-05-25T21:11:49.579Z
c+004373_r+001688,reject,2026-05-25T21:11:51.794Z
c+006504_r-001484,reject,2026-05-25T21:11:57.478Z
c+004970_r+001771,reject,2026-05-25T21:12:00.095Z
c+004372_r+001680,reject,2026-05-25T21:12:03.156Z
c+004365_r+001770,reject,2026-05-25T21:12:06.965Z
c-004466_r+001454,reject,2026-05-25T21:12:08.376Z
c-004907_r+001537,keep,2026-05-25T21:12:17.207Z
c+004285_r+001875,reject,2026-05-25T21:12:20.046Z
c-004473_r+001486,keep,2026-05-25T21:12:24.551Z
c+004598_r+001769,keep,2026-05-25T21:12:28.935Z
c+004770_r+001917,reject,2026-05-25T21:12:32.213Z
c+004965_r+001813,keep,2026-05-25T21:12:38.843Z
c+004142_r+001699,reject,2026-05-25T21:12:41.093Z
c+003572_r+002130,reject,2026-05-25T21:12:44.205Z
c+005633_r+002096,keep,2026-05-25T21:12:52.532Z
c+004457_r+001843,reject,2026-05-25T21:12:54.714Z
c+004290_r+001904,keep,2026-05-25T21:12:57.714Z
c+004733_r+001924,keep,2026-05-25T21:13:00.185Z
c+004733_r+001925,keep,2026-05-25T21:13:04.265Z
c+003560_r+002173,reject,2026-05-25T21:13:06.702Z
c+004142_r+001698,reject,2026-05-25T21:13:08.904Z
c+006439_r-001528,keep,2026-05-25T21:13:13.195Z
c+004323_r+001327,reject,2026-05-25T21:13:14.869Z
c+005445_r+002277,reject,2026-05-25T21:13:17.201Z
c-003654_r+001463,keep,2026-05-25T21:13:23.404Z
c-004181_r+001327,keep,2026-05-25T21:13:31.551Z
c-005214_r+001691,reject,2026-05-25T21:13:34.572Z
c+004370_r+001688,reject,2026-05-25T21:13:36.870Z
c+004385_r+001836,reject,2026-05-25T21:13:38.855Z
c-004853_r+001514,reject,2026-05-25T21:13:41.907Z
c+003881_r+002080,reject,2026-05-25T21:13:44.285Z
c+003694_r+002166,reject,2026-05-25T21:13:46.726Z
c+004633_r+001813,reject,2026-05-25T21:13:49.686Z
c+004613_r+001766,reject,2026-05-25T21:13:54.951Z
c-004418_r+001595,reject,2026-05-25T21:14:00.510Z
c-005022_r+001657,keep,2026-05-25T21:14:02.834Z
c-004391_r+001538,keep,2026-05-25T21:14:06.150Z
c-005149_r+001616,reject,2026-05-25T21:14:09.097Z
c-004374_r+001445,reject,2026-05-25T21:14:12.331Z
c+003184_r+001281,reject,2026-05-25T21:14:15.939Z
c+004640_r+001772,reject,2026-05-25T21:14:18.034Z
c+004355_r+001683,reject,2026-05-25T21:14:21.195Z
c+004845_r+001733,reject,2026-05-25T21:14:25.036Z
c-005236_r+001718,keep,2026-05-25T21:14:27.705Z
c-004466_r+001455,reject,2026-05-25T21:14:29.273Z
c+004376_r+001364,reject,2026-05-25T21:14:30.821Z
c+003445_r+001744,reject,2026-05-25T21:14:35.670Z
c+005204_r+001536,reject,2026-05-25T21:14:41.921Z
c-005148_r+001617,reject,2026-05-25T21:14:44.684Z
c+003696_r+002237,reject,2026-05-25T21:14:53.209Z
c-004853_r+001513,keep,2026-05-25T21:15:03.379Z
c+004108_r+001905,reject,2026-05-25T21:15:05.606Z
c+004730_r+001926,reject,2026-05-25T21:15:08.064Z
c-005103_r+001628,reject,2026-05-25T21:15:09.859Z
c+002889_r+001893,reject,2026-05-25T21:15:12.454Z
c+004372_r+001687,reject,2026-05-25T21:15:13.603Z
c+003535_r+001941,keep,2026-05-25T21:15:17.475Z
c-002057_r-000759,reject,2026-05-25T21:15:23.052Z
c-001898_r-000675,reject,2026-05-25T21:15:27.043Z
c-005028_r+001504,keep,2026-05-25T21:15:30.831Z
c+004107_r+001906,reject,2026-05-25T21:15:33.059Z
c+005267_r+001496,keep,2026-05-25T21:15:36.620Z
c+004362_r+001679,reject,2026-05-25T21:15:38.593Z
c-004473_r+001484,reject,2026-05-25T21:15:40.695Z
c+004372_r+001681,reject,2026-05-25T21:15:42.292Z
c+004362_r+001678,reject,2026-05-25T21:15:43.911Z
c+004841_r+001942,keep,2026-05-25T21:15:49.049Z
c+004976_r+001977,keep,2026-05-25T21:15:52.538Z
c-004482_r+001151,keep,2026-05-25T21:15:54.701Z
c+004406_r+001368,keep,2026-05-25T21:16:03.394Z
c-004646_r+001637,reject,2026-05-25T21:16:07.620Z
c-000266_r+001709,keep,2026-05-25T21:16:11.852Z
c+004371_r+001686,reject,2026-05-25T21:16:13.734Z
c-003612_r+001872,keep,2026-05-25T21:16:20.610Z
c+004367_r+001681,reject,2026-05-25T21:16:25.238Z
c+005171_r+001742,reject,2026-05-25T21:16:28.834Z
c-005214_r+001690,reject,2026-05-25T21:16:33.722Z
c+003366_r+000625,reject,2026-05-25T21:16:37.630Z
c-005213_r+001690,reject,2026-05-25T21:16:40.752Z
c+003183_r+001282,reject,2026-05-25T21:16:44.980Z
c-004984_r+002027,keep,2026-05-25T21:16:52.526Z
c+003750_r+002258,reject,2026-05-25T21:17:03.244Z
c+003369_r+000626,reject,2026-05-25T21:17:12.180Z
c-003966_r+001662,keep,2026-05-25T21:17:19.177Z
c-005235_r+001711,reject,2026-05-25T21:17:26.804Z
c-003902_r+001496,reject,2026-05-25T21:17:30.323Z
c-004919_r+001779,reject,2026-05-25T21:17:34.679Z
c+004135_r+001700,reject,2026-05-25T21:17:37.361Z
c+004770_r+001916,reject,2026-05-25T21:17:41.671Z
c+004374_r+001689,reject,2026-05-25T21:17:45.098Z
c-004985_r+002027,reject,2026-05-25T21:17:47.955Z
c-004456_r+001420,reject,2026-05-25T21:17:51.420Z
c+005430_r+002268,reject,2026-05-25T21:17:55.688Z
c-004222_r+001358,reject,2026-05-25T21:18:02.225Z
c+003402_r+000690,reject,2026-05-25T21:18:08.200Z
c+004136_r+001700,reject,2026-05-25T21:18:10.798Z
c-003624_r+001888,reject,2026-05-25T21:18:12.902Z
c-004149_r+001330,keep,2026-05-25T21:18:25.610Z
c+003409_r+000615,reject,2026-05-25T21:18:31.529Z
c-004331_r+001522,keep,2026-05-25T21:18:36.780Z
c+004591_r+001740,keep,2026-05-25T21:18:42.892Z
c+004637_r+001821,reject,2026-05-25T21:18:45.413Z
c+005268_r+001496,reject,2026-05-25T21:18:49.109Z
c+005425_r+002243,keep,2026-05-25T21:18:53.863Z
c+005167_r+001763,reject,2026-05-25T21:18:57.270Z
c-004231_r+001538,keep,2026-05-25T21:19:01.552Z
c+003537_r+001946,reject,2026-05-25T21:19:04.927Z
c+004602_r+001742,keep,2026-05-25T21:19:11.444Z
c-003685_r+001471,keep,2026-05-25T21:19:17.369Z
c+004783_r+001872,keep,2026-05-25T21:19:22.091Z
c-004197_r+001303,reject,2026-05-25T21:19:24.204Z
c+004558_r+001215,reject,2026-05-25T21:19:30.279Z
c+004360_r+001678,reject,2026-05-25T21:19:33.713Z
c-005035_r+001509,keep,2026-05-25T21:19:37.205Z
c-005153_r+001617,reject,2026-05-25T21:19:39.714Z
c-005237_r+001718,reject,2026-05-25T21:19:41.416Z
c+004371_r+001689,reject,2026-05-25T21:19:43.952Z
c+003365_r+001775,keep,2026-05-25T21:19:48.730Z
c+004730_r+001924,reject,2026-05-25T21:19:51.304Z
c+003750_r+002257,keep,2026-05-25T21:19:56.658Z
c-005213_r+001692,reject,2026-05-25T21:19:59.335Z
c+003184_r+001282,reject,2026-05-25T21:20:05.680Z
c+005106_r+001800,reject,2026-05-25T21:20:11.626Z
c-003991_r+001500,reject,2026-05-25T21:20:15.935Z
c+004993_r+001895,reject,2026-05-25T21:20:20.286Z
c+004567_r+001765,reject,2026-05-25T21:20:23.968Z
c-003973_r+001546,keep,2026-05-25T21:20:26.939Z
c+004105_r+001840,reject,2026-05-25T21:20:31.009Z
c+004927_r+001395,reject,2026-05-25T21:20:34.497Z
c+002855_r+001809,reject,2026-05-25T21:20:36.462Z
c+004648_r+001814,reject,2026-05-25T21:20:40.093Z
c+004358_r+001682,reject,2026-05-25T21:20:42.322Z
c+004137_r+001701,reject,2026-05-25T21:20:44.033Z
c-004163_r+001335,keep,2026-05-25T21:20:47.286Z
c+002411_r+001111,keep,2026-05-25T21:20:52.085Z
c-005147_r+001621,reject,2026-05-25T21:20:55.279Z
c-004382_r+001516,keep,2026-05-25T21:20:59.038Z
c+005152_r+001789,keep,2026-05-25T21:21:04.776Z
c+004568_r+001764,reject,2026-05-25T21:21:12.119Z
c+004634_r+001813,reject,2026-05-25T21:21:17.627Z
c+004141_r+001701,keep,2026-05-25T21:21:20.024Z
c+004774_r+001962,reject,2026-05-25T21:21:22.462Z
c+003882_r+002080,reject,2026-05-25T21:21:24.293Z
c+003365_r+000627,reject,2026-05-25T21:21:25.912Z
c-005214_r+001688,reject,2026-05-25T21:21:28.524Z
c+005382_r+002005,reject,2026-05-25T21:21:33.586Z
c-004457_r+001420,reject,2026-05-25T21:21:39.010Z
c-004150_r+001330,reject,2026-05-25T21:21:52.444Z
c+004360_r+001680,reject,2026-05-25T21:21:54.095Z
c-004901_r+002536,reject,2026-05-25T21:21:56.012Z
c-004187_r+001322,reject,2026-05-25T21:22:02.719Z
c+004584_r+001766,keep,2026-05-25T21:22:12.790Z
c+006552_r-001218,reject,2026-05-25T21:22:18.522Z
c+004366_r+001683,reject,2026-05-25T21:22:20.279Z
c+003694_r+002167,reject,2026-05-25T21:22:24.291Z
c+005444_r+002275,reject,2026-05-25T21:22:26.677Z
c+004440_r+001822,keep,2026-05-25T21:22:31.552Z
c+003403_r+000690,reject,2026-05-25T21:22:35.760Z
c+004142_r+001701,reject,2026-05-25T21:22:38.024Z
c-004904_r+002536,reject,2026-05-25T21:22:40.476Z
c+003625_r+002006,keep,2026-05-25T21:22:45.374Z
c-005224_r+001688,reject,2026-05-25T21:22:48.278Z
c+003403_r+000689,reject,2026-05-25T21:22:54.677Z
c+003461_r+001933,reject,2026-05-25T21:22:56.289Z
c-004758_r+001740,keep,2026-05-25T21:22:58.869Z
c+003149_r+001245,keep,2026-05-25T21:23:01.657Z
c-004990_r+001556,keep,2026-05-25T21:23:08.407Z
c+003366_r+000626,reject,2026-05-25T21:23:15.041Z
c+004634_r+001761,reject,2026-05-25T21:23:17.129Z
c+004373_r+001682,reject,2026-05-25T21:23:19.378Z
c+003368_r+000625,reject,2026-05-25T21:23:21.316Z
c+004373_r+001681,reject,2026-05-25T21:23:23.019Z
c-004920_r+001779,reject,2026-05-25T21:23:33.308Z
c+002936_r+001908,reject,2026-05-25T21:23:38.591Z
c+004250_r+001910,keep,2026-05-25T21:23:43.520Z
c-003382_r+001802,reject,2026-05-25T21:23:47.171Z
c+004375_r+001690,reject,2026-05-25T21:23:48.703Z
c-005149_r+001617,reject,2026-05-25T21:23:51.145Z
c-003645_r+001849,reject,2026-05-25T21:23:52.932Z
c+003885_r+002082,reject,2026-05-25T21:23:54.889Z
c+004356_r+001683,reject,2026-05-25T21:24:06.845Z
c-003824_r+001614,keep,2026-05-25T21:24:08.591Z
c+004612_r+001766,reject,2026-05-25T21:24:13.999Z
c-005167_r+001643,keep,2026-05-25T21:24:22.169Z
c-004332_r+001521,keep,2026-05-25T21:24:25.756Z
c+004606_r+001739,reject,2026-05-25T21:24:29.106Z
c+003368_r+000626,reject,2026-05-25T21:24:49.807Z
c+004587_r+001764,reject,2026-05-25T21:24:53.311Z
c-005022_r+001656,keep,2026-05-25T21:24:57.097Z
c-004902_r+002536,reject,2026-05-25T21:24:59.591Z
c+003016_r+001080,reject,2026-05-25T21:25:01.403Z
c+004221_r+001756,reject,2026-05-25T21:25:05.507Z
c-003937_r+001560,reject,2026-05-25T21:25:08.229Z
c+004222_r+001756,reject,2026-05-25T21:25:12.620Z
c+003839_r+002148,reject,2026-05-25T21:25:14.191Z
c+004102_r+001905,reject,2026-05-25T21:25:16.528Z
c+003881_r+002081,reject,2026-05-25T21:25:20.236Z
c-004147_r+001545,reject,2026-05-25T21:25:24.550Z
c+004730_r+001925,reject,2026-05-25T21:25:29.599Z
c+004141_r+001698,reject,2026-05-25T21:25:32.702Z
c-005215_r+001690,reject,2026-05-25T21:25:34.695Z
c+002236_r+001166,reject,2026-05-25T21:25:38.907Z
c+004445_r+001794,reject,2026-05-25T21:25:41.945Z
c-004420_r+001508,reject,2026-05-25T21:25:44.158Z
c+003365_r+000628,reject,2026-05-25T21:25:46.574Z
c-005154_r+001617,reject,2026-05-25T21:25:48.733Z
c+003306_r+001071,reject,2026-05-25T21:25:50.348Z
c+005442_r+002281,reject,2026-05-25T21:25:51.898Z
c+004192_r+001935,reject,2026-05-25T21:26:00.795Z
c+004606_r+001749,reject,2026-05-25T21:26:12.961Z
c+004140_r+001701,keep,2026-05-25T21:26:23.573Z
c-003775_r+001951,reject,2026-05-25T21:26:27.638Z
c+004768_r+001831,reject,2026-05-25T21:26:29.948Z
c-004474_r+001484,reject,2026-05-25T21:26:33.652Z
c-005151_r+001617,reject,2026-05-25T21:26:35.636Z
c+004358_r+001681,reject,2026-05-25T21:26:37.615Z
c-004211_r+001455,reject,2026-05-25T21:26:39.750Z
c+003838_r+002148,reject,2026-05-25T21:26:41.853Z
c-004461_r+001474,reject,2026-05-25T21:26:43.606Z
c+003704_r+002203,keep,2026-05-25T21:26:47.252Z
c+004071_r+002076,reject,2026-05-25T21:26:52.623Z
c+004771_r+001914,reject,2026-05-25T21:26:54.544Z
c+004374_r+001687,reject,2026-05-25T21:26:56.170Z
c+001721_r+000921,keep,2026-05-25T21:27:00.620Z
c+003015_r+001080,reject,2026-05-25T21:27:06.222Z
c+003096_r+001071,reject,2026-05-25T21:27:10.500Z
c-005145_r+001611,reject,2026-05-25T21:27:13.641Z
c-005178_r+001670,reject,2026-05-25T21:27:15.777Z
c-004043_r+001409,reject,2026-05-25T21:27:18.095Z
c-005155_r+001617,reject,2026-05-25T21:27:19.669Z
c-003593_r+001439,reject,2026-05-25T21:27:21.373Z
c+005430_r+002269,keep,2026-05-25T21:27:25.528Z
c+005436_r+002272,reject,2026-05-25T21:27:28.632Z
c+003546_r+001097,reject,2026-05-25T21:27:33.093Z
c+004637_r+001817,reject,2026-05-25T21:27:36.344Z
c+004262_r+001890,reject,2026-05-25T21:27:39.789Z
c+003109_r+001213,reject,2026-05-25T21:27:47.377Z
c+003185_r+001280,reject,2026-05-25T21:27:49.678Z
c-004549_r+001799,reject,2026-05-25T21:27:51.348Z
c+005113_r+001840,keep,2026-05-25T21:27:55.259Z
c-004852_r+001513,keep,2026-05-25T21:27:58.286Z
c-005148_r+001616,reject,2026-05-25T21:28:00.302Z
c+004364_r+001682,reject,2026-05-25T21:28:02.774Z
c-004448_r+001418,reject,2026-05-25T21:28:04.831Z
c+004607_r+001747,reject,2026-05-25T21:28:13.727Z
c+004106_r+001840,reject,2026-05-25T21:28:16.644Z
c+005373_r+002218,reject,2026-05-25T21:28:22.990Z
c+004835_r+001733,keep,2026-05-25T21:28:30.325Z
c-004461_r+001475,reject,2026-05-25T21:28:34.623Z
c-003624_r+001892,reject,2026-05-25T21:28:38.462Z
c-004936_r+001521,keep,2026-05-25T21:28:41.044Z
c+004385_r+001838,reject,2026-05-25T21:28:46.165Z
c+004252_r+001890,reject,2026-05-25T21:28:48.815Z
c+003410_r+000614,reject,2026-05-25T21:28:50.530Z
c-004147_r+001546,reject,2026-05-25T21:28:51.981Z
c-004420_r+001510,keep,2026-05-25T21:28:56.081Z
c-005150_r+001614,reject,2026-05-25T21:29:00.874Z
c-004314_r+001448,reject,2026-05-25T21:29:04.828Z
c+005110_r+001800,reject,2026-05-25T21:29:06.981Z
c+001982_r+001160,reject,2026-05-25T21:29:09.802Z
c+003364_r+001775,reject,2026-05-25T21:29:12.289Z
c-004211_r+001443,reject,2026-05-25T21:29:19.261Z
c+004262_r+001884,keep,2026-05-25T21:29:22.694Z
c+003724_r+002254,reject,2026-05-25T21:29:26.978Z
c+004769_r+001917,reject,2026-05-25T21:29:28.614Z
c+003719_r+002253,reject,2026-05-25T21:29:31.977Z
c-005215_r+001692,reject,2026-05-25T21:29:36.107Z
c+004302_r+001898,reject,2026-05-25T21:29:39.901Z
c+004229_r+001753,reject,2026-05-25T21:29:42.552Z
c-005229_r+002249,reject,2026-05-25T21:29:44.972Z
c+005446_r+002277,reject,2026-05-25T21:29:46.714Z
c+003606_r+002167,reject,2026-05-25T21:29:48.606Z
c-003617_r+001877,reject,2026-05-25T21:29:50.203Z
c-004163_r+001336,reject,2026-05-25T21:29:52.736Z
c+004070_r+002077,reject,2026-05-25T21:29:59.311Z
c-004186_r+001474,reject,2026-05-25T21:30:03.314Z
c+004304_r+001899,reject,2026-05-25T21:30:05.437Z
c+003916_r+002072,keep,2026-05-25T21:30:08.348Z
c+004687_r+001764,reject,2026-05-25T21:30:12.202Z
c+005353_r+002190,reject,2026-05-25T21:30:14.943Z
c+004638_r+001825,reject,2026-05-25T21:30:17.229Z
c+004135_r+001699,reject,2026-05-25T21:30:20.005Z
c-004755_r+001222,keep,2026-05-25T21:30:26.136Z
c-003514_r+001250,reject,2026-05-25T21:30:29.022Z
c-001689_r-000343,reject,2026-05-25T21:30:35.846Z
c-003024_r-000994,reject,2026-05-25T21:30:37.783Z
c-005144_r+001611,reject,2026-05-25T21:30:39.839Z
c+004779_r+001826,reject,2026-05-25T21:30:42.675Z
c+005043_r+002136,reject,2026-05-25T21:30:45.108Z
c+004304_r+001898,reject,2026-05-25T21:30:48.591Z
c+003720_r+002252,reject,2026-05-25T21:30:50.550Z
c+003109_r+001214,reject,2026-05-25T21:30:52.522Z
c+003130_r+001243,reject,2026-05-25T21:30:54.901Z
c+001557_r+001375,keep,2026-05-25T21:30:58.397Z
c-005000_r+001668,keep,2026-05-25T21:31:01.058Z
c+003155_r+001252,reject,2026-05-25T21:31:03.355Z
c+003129_r+001242,reject,2026-05-25T21:31:06.827Z
c+004266_r+001887,reject,2026-05-25T21:31:09.526Z
c+003128_r+001244,reject,2026-05-25T21:31:12.725Z
c+003391_r+001854,reject,2026-05-25T21:31:18.153Z
c+003366_r+000627,reject,2026-05-25T21:31:30.801Z
c-005027_r+001505,keep,2026-05-25T21:31:33.875Z
c+004359_r+001683,reject,2026-05-25T21:31:37.723Z
c-004419_r+001509,keep,2026-05-25T21:31:48.390Z
c+004141_r+001702,reject,2026-05-25T21:31:50.700Z
c-003625_r+001888,reject,2026-05-25T21:31:54.500Z
c+004071_r+002077,reject,2026-05-25T21:31:56.597Z
c-004542_r+001455,keep,2026-05-25T21:32:00.526Z
c+004138_r+001701,reject,2026-05-25T21:32:02.343Z
c+003547_r+001098,reject,2026-05-25T21:32:07.082Z
c-001905_r-000678,reject,2026-05-25T21:32:09.438Z
c+004358_r+001683,reject,2026-05-25T21:32:11.479Z
c+003014_r+001080,reject,2026-05-25T21:32:12.888Z
c+005397_r+002426,reject,2026-05-25T21:32:14.271Z
c-005213_r+001691,reject,2026-05-25T21:32:21.052Z
c+003365_r+001774,reject,2026-05-25T21:32:22.955Z
c+002369_r+001082,keep,2026-05-25T21:32:28.021Z
c+003155_r+001251,reject,2026-05-25T21:32:35.384Z
c+002410_r+001110,reject,2026-05-25T21:32:40.379Z
c+003927_r+002135,keep,2026-05-25T21:32:43.604Z
c+004140_r+001698,reject,2026-05-25T21:32:47.575Z
c-003826_r+001876,keep,2026-05-25T21:32:51.159Z
c+004072_r+002075,reject,2026-05-25T21:32:56.304Z
c+003570_r+002182,reject,2026-05-25T21:32:59.365Z
c+004225_r+001753,reject,2026-05-25T21:33:02.254Z
c+004108_r+001906,reject,2026-05-25T21:33:04.615Z
c+003607_r+002168,reject,2026-05-25T21:33:07.797Z
c-004419_r+001594,reject,2026-05-25T21:33:10.889Z
c-000299_r+001422,keep,2026-05-25T21:33:14.497Z
c+004590_r+001739,reject,2026-05-25T21:33:24.607Z
c-004346_r+001510,reject,2026-05-25T21:33:26.304Z
c-003892_r+001439,reject,2026-05-25T21:33:27.951Z
c-004444_r+000969,reject,2026-05-25T21:33:29.324Z
c-005027_r+001504,reject,2026-05-25T21:33:38.179Z
c+003720_r+002251,reject,2026-05-25T21:33:39.720Z
c+004129_r+002111,keep,2026-05-25T21:33:44.239Z
c-004173_r+001346,reject,2026-05-25T21:33:47.746Z
c-004392_r+001538,reject,2026-05-25T21:33:50.822Z
c+003586_r+002126,reject,2026-05-25T21:33:54.887Z
c+004733_r+001923,reject,2026-05-25T21:33:57.453Z
c-003254_r+000464,reject,2026-05-25T21:33:59.099Z
c+004735_r+001924,reject,2026-05-25T21:34:01.024Z
c-003928_r+001643,reject,2026-05-25T21:34:03.462Z
c+004360_r+001683,reject,2026-05-25T21:34:05.204Z
c+003913_r+002073,reject,2026-05-25T21:34:07.453Z
c+003444_r+001744,reject,2026-05-25T21:34:08.838Z
c-004332_r+001522,reject,2026-05-25T21:34:10.696Z
c+003410_r+000616,reject,2026-05-25T21:34:12.988Z
c+005419_r+002321,reject,2026-05-25T21:34:14.304Z
c+004735_r+001925,reject,2026-05-25T21:34:16.454Z
c-004219_r+001462,reject,2026-05-25T21:34:17.887Z
c-003681_r+001418,reject,2026-05-25T21:34:19.491Z
c-003911_r+001874,reject,2026-05-25T21:34:23.104Z
c+004082_r+002030,reject,2026-05-25T21:34:28.353Z
c+004734_r+001924,reject,2026-05-25T21:34:31.662Z
c-003042_r-001206,keep,2026-05-25T21:34:36.010Z
c-003715_r+001888,reject,2026-05-25T21:34:38.898Z
c-000299_r+001420,keep,2026-05-25T21:34:42.396Z
c+003112_r+001197,reject,2026-05-25T21:34:44.437Z
c-004999_r+001674,reject,2026-05-25T21:34:45.878Z
c-003312_r+001705,reject,2026-05-25T21:34:47.020Z
c+001055_r+002036,reject,2026-05-25T21:34:48.328Z
c-004440_r+000974,reject,2026-05-25T21:34:49.580Z
c-004474_r+001485,reject,2026-05-25T21:34:52.332Z
c+004060_r+001724,reject,2026-05-25T21:34:53.878Z
c+003185_r+001281,reject,2026-05-25T21:34:56.129Z
c-001892_r-000703,reject,2026-05-25T21:34:58.287Z
c+004263_r+001886,reject,2026-05-25T21:34:59.953Z
c+004447_r+001794,reject,2026-05-25T21:35:01.770Z
c-004160_r+001330,reject,2026-05-25T21:35:03.304Z
c+003404_r+000690,reject,2026-05-25T21:35:04.603Z
c-005029_r+001505,reject,2026-05-25T21:35:06.287Z
c+004939_r+001357,reject,2026-05-25T21:35:08.070Z
c-004381_r+001516,reject,2026-05-25T21:35:09.087Z
c-005236_r+001711,reject,2026-05-25T21:35:10.645Z
c+005783_r-001471,keep,2026-05-25T21:35:13.351Z
c-004402_r+000975,keep,2026-05-25T21:35:18.279Z
c-003638_r+001411,reject,2026-05-25T21:35:21.338Z
c+004375_r+001829,reject,2026-05-25T21:35:22.657Z
c-004474_r+001461,keep,2026-05-25T21:35:24.728Z
c-005030_r+001504,reject,2026-05-25T21:35:34.555Z
c-005221_r+001645,reject,2026-05-25T21:35:39.562Z
c-005030_r+001505,reject,2026-05-25T21:35:48.656Z
c+004359_r+001680,reject,2026-05-25T21:35:50.054Z
c+003866_r+002079,reject,2026-05-25T21:35:52.887Z
c+003839_r+002108,reject,2026-05-25T21:35:55.696Z
c+004450_r+001816,reject,2026-05-25T21:35:58.162Z
c+003566_r+002183,reject,2026-05-25T21:35:59.620Z
c+003410_r+000615,reject,2026-05-25T21:36:02.281Z
c+004071_r+002075,reject,2026-05-25T21:36:04.641Z
c+003815_r+002154,reject,2026-05-25T21:36:06.445Z
c+003408_r+000408,reject,2026-05-25T21:36:08.932Z
c+002410_r+001111,reject,2026-05-25T21:36:10.411Z
c+004305_r+001900,reject,2026-05-25T21:36:12.407Z
c+003927_r+002138,reject,2026-05-25T21:36:15.945Z
c+006374_r-001623,reject,2026-05-25T21:36:17.328Z
c+005132_r+001532,reject,2026-05-25T21:36:18.863Z
c+006477_r-001497,reject,2026-05-25T21:36:20.587Z
c-004154_r+001553,reject,2026-05-25T21:36:23.245Z
c+004649_r+001923,reject,2026-05-25T21:36:24.696Z
c+003184_r+001280,reject,2026-05-25T21:36:26.137Z
c+004731_r+001925,reject,2026-05-25T21:36:27.625Z
c-001891_r-000702,reject,2026-05-25T21:36:30.036Z
c+003413_r+001893,reject,2026-05-25T21:36:36.673Z
c+003262_r+000905,reject,2026-05-25T21:36:44.224Z
c+003565_r+002174,keep,2026-05-25T21:36:47.182Z
c+004685_r+001777,reject,2026-05-25T21:36:51.547Z
c+004262_r+001889,reject,2026-05-25T21:36:52.979Z
c-004163_r+001532,reject,2026-05-25T21:36:54.973Z
c-003873_r+001853,reject,2026-05-25T21:36:56.213Z
c-004182_r+001327,reject,2026-05-25T21:36:57.887Z
c+005092_r+002026,reject,2026-05-25T21:36:59.595Z
c-004448_r+001419,reject,2026-05-25T21:37:00.996Z
c-004942_r+001768,keep,2026-05-25T21:37:06.345Z
c+003754_r+002256,reject,2026-05-25T21:37:08.445Z
c-004903_r+002536,reject,2026-05-25T21:37:11.620Z
c+003463_r+001934,reject,2026-05-25T21:37:14.103Z
c-004902_r+002535,reject,2026-05-25T21:37:16.128Z
c-005144_r+001608,reject,2026-05-25T21:37:19.562Z
c+003109_r+001211,reject,2026-05-25T21:37:21.431Z
c+004766_r+001917,reject,2026-05-25T21:37:23.539Z
c-004990_r+001702,reject,2026-05-25T21:37:26.837Z
c+005203_r+001738,reject,2026-05-25T21:37:28.863Z
c-004167_r+001335,reject,2026-05-25T21:37:30.478Z
c+004958_r+001987,reject,2026-05-25T21:37:37.608Z
c+004361_r+001680,reject,2026-05-25T21:37:39.011Z
c+003391_r+001855,keep,2026-05-25T21:37:42.382Z
c+004138_r+001699,reject,2026-05-25T21:37:45.297Z
c+005430_r+002267,reject,2026-05-25T21:37:48.594Z
c+003606_r+002169,reject,2026-05-25T21:37:50.813Z
c+003561_r+002174,reject,2026-05-25T21:37:52.821Z
c+005112_r+001839,keep,2026-05-25T21:38:00.436Z
c+003751_r+002258,reject,2026-05-25T21:38:04.795Z
c+003505_r+002132,reject,2026-05-25T21:38:08.213Z
c+004766_r+001916,reject,2026-05-25T21:38:10.287Z
c+004729_r+001925,reject,2026-05-25T21:38:11.816Z
c+004264_r+001885,reject,2026-05-25T21:38:13.241Z
c+003156_r+001250,reject,2026-05-25T21:38:14.746Z
c-005016_r+001562,reject,2026-05-25T21:38:16.286Z
c+004769_r+001915,reject,2026-05-25T21:38:19.015Z
c+004070_r+002075,reject,2026-05-25T21:38:20.748Z
c+003340_r+001814,keep,2026-05-25T21:38:24.471Z
c-005235_r+001710,reject,2026-05-25T21:38:27.074Z
c+004687_r+001763,reject,2026-05-25T21:38:29.361Z
c-004934_r+001518,reject,2026-05-25T21:38:31.161Z
c-005214_r+001689,reject,2026-05-25T21:38:39.162Z
c+004059_r+001721,reject,2026-05-25T21:39:08.582Z
c+004137_r+001700,reject,2026-05-25T21:39:10.704Z
c-005137_r+001623,reject,2026-05-25T21:39:16.886Z
c-004459_r+001475,reject,2026-05-25T21:39:18.415Z
c+001982_r+001159,keep,2026-05-25T21:39:22.212Z
c+004805_r+001870,reject,2026-05-25T21:39:23.727Z
c+004439_r+001821,reject,2026-05-25T21:39:26.194Z
c-005080_r+001619,reject,2026-05-25T21:39:27.988Z
c+004568_r+001765,reject,2026-05-25T21:39:29.315Z
c-004440_r+000973,reject,2026-05-25T21:39:30.530Z
c+003752_r+002256,reject,2026-05-25T21:39:33.036Z
c+004734_r+001923,reject,2026-05-25T21:39:35.098Z
c+003127_r+001243,reject,2026-05-25T21:39:36.389Z
c+003131_r+001243,reject,2026-05-25T21:39:37.619Z
c+003394_r+000657,reject,2026-05-25T21:39:38.723Z
c+004459_r+001839,reject,2026-05-25T21:39:39.894Z
c+004138_r+001700,reject,2026-05-25T21:39:41.070Z
c+003770_r+002156,reject,2026-05-25T21:39:42.036Z
c+004567_r+001763,reject,2026-05-25T21:39:43.111Z
c-003663_r+001433,reject,2026-05-25T21:39:44.175Z
c-003094_r-001617,reject,2026-05-25T21:39:45.202Z
c+003282_r+001884,reject,2026-05-25T21:39:46.455Z
c+003560_r+002174,reject,2026-05-25T21:39:47.553Z
c+004227_r+001753,reject,2026-05-25T21:39:49.388Z
c-003053_r-001264,reject,2026-05-25T21:39:50.665Z
c-004989_r+001556,reject,2026-05-25T21:39:51.761Z
c+003129_r+001243,keep,2026-05-25T21:39:56.965Z
c+002411_r+001110,keep,2026-05-25T21:40:03.543Z
c-005026_r+001504,reject,2026-05-25T21:40:07.182Z
c+003538_r+001946,reject,2026-05-25T21:40:08.653Z
c-005236_r+001710,reject,2026-05-25T21:40:09.826Z
c+003842_r+002150,reject,2026-05-25T21:40:14.791Z
c-004211_r+001442,reject,2026-05-25T21:40:15.915Z
c-003930_r+002071,reject,2026-05-25T21:40:17.796Z
c+004606_r+001747,reject,2026-05-25T21:40:19.086Z
c+004767_r+001918,reject,2026-05-25T21:40:22.079Z
c+003460_r+001932,reject,2026-05-25T21:40:23.649Z
c+002409_r+001111,keep,2026-05-25T21:40:27.327Z
c+004562_r+001764,reject,2026-05-25T21:40:30.120Z
c+004728_r+001926,reject,2026-05-25T21:40:32.143Z
c+003836_r+001840,reject,2026-05-25T21:40:35.225Z
c-001893_r-000703,reject,2026-05-25T21:40:36.376Z
c+003606_r+002168,reject,2026-05-25T21:40:37.649Z
c-005136_r+001624,reject,2026-05-25T21:40:39.132Z
c-004999_r+001673,reject,2026-05-25T21:40:40.448Z
c+003926_r+002138,reject,2026-05-25T21:40:41.695Z
c+004261_r+001889,reject,2026-05-25T21:40:42.691Z
c+003566_r+002182,reject,2026-05-25T21:40:43.717Z
c+004359_r+001678,reject,2026-05-25T21:40:45.009Z
c+005112_r+001840,reject,2026-05-25T21:40:46.254Z
c+003127_r+001244,reject,2026-05-25T21:40:47.753Z
c-005132_r+001641,reject,2026-05-25T21:40:49.898Z
c+003605_r+002162,reject,2026-05-25T21:40:51.661Z
c+004642_r+001791,reject,2026-05-25T21:40:52.943Z
c+004871_r+001484,reject,2026-05-25T21:40:54.541Z
c+001508_r+001417,reject,2026-05-25T21:40:55.707Z
c-005000_r+001671,reject,2026-05-25T21:40:57.451Z
c+004368_r+001681,reject,2026-05-25T21:40:58.936Z
c-005178_r+001671,reject,2026-05-25T21:41:01.112Z
c+004061_r+001722,reject,2026-05-25T21:41:03.227Z
c+004142_r+001702,reject,2026-05-25T21:41:05.757Z
c+003839_r+002107,reject,2026-05-25T21:41:08.216Z
c+005290_r+002013,reject,2026-05-25T21:41:11.083Z
c+004598_r+001740,reject,2026-05-25T21:41:14.948Z
c+004284_r+001875,reject,2026-05-25T21:41:17.045Z
c+005374_r+002219,reject,2026-05-25T21:41:18.150Z
c-004907_r+001539,reject,2026-05-25T21:41:19.807Z
c-005017_r+001563,reject,2026-05-25T21:41:21.862Z
c-003043_r-001204,keep,2026-05-25T21:41:26.665Z
c+004251_r+001890,reject,2026-05-25T21:41:30.449Z
c+004220_r+001757,reject,2026-05-25T21:41:31.619Z
c+003131_r+001239,reject,2026-05-25T21:41:32.715Z
c+002371_r+001081,reject,2026-05-25T21:41:33.636Z
c-005145_r+001612,reject,2026-05-25T21:41:34.982Z
c-000212_r+002059,reject,2026-05-25T21:41:35.992Z
c+004306_r+001899,reject,2026-05-25T21:41:37.249Z
c+003753_r+002257,reject,2026-05-25T21:41:38.334Z
c+003720_r+002253,reject,2026-05-25T21:41:39.706Z
c-004211_r+001441,reject,2026-05-25T21:41:42.924Z
c-001953_r-000768,reject,2026-05-25T21:41:45.050Z
c-001965_r-000335,reject,2026-05-25T21:41:47.356Z
c+003759_r+001976,reject,2026-05-25T21:41:49.698Z
c+003047_r+001045,reject,2026-05-25T21:41:51.356Z
c+003858_r+002139,reject,2026-05-25T21:41:52.415Z
c+005110_r+001838,reject,2026-05-25T21:41:55.098Z
c+003108_r+001214,reject,2026-05-25T21:41:57.888Z
c-001608_r-000302,reject,2026-05-25T21:41:59.524Z
c-004543_r+001454,reject,2026-05-25T21:42:03.611Z
c+003281_r+001885,reject,2026-05-25T21:42:05.343Z
c+003752_r+002258,reject,2026-05-25T21:42:06.844Z
c-005132_r+001640,reject,2026-05-25T21:42:09.740Z
c+006477_r-001496,reject,2026-05-25T21:42:12.373Z
c+003703_r+002167,reject,2026-05-25T21:42:13.587Z
c+003914_r+002073,keep,2026-05-25T21:42:16.701Z
c+004136_r+001701,reject,2026-05-25T21:42:18.900Z
c+004108_r+001797,reject,2026-05-25T21:42:19.985Z
c+003721_r+002251,reject,2026-05-25T21:42:21.186Z
c+004425_r+001670,reject,2026-05-25T21:42:22.454Z
c+005298_r+002210,reject,2026-05-25T21:42:23.518Z
c+004640_r+001784,reject,2026-05-25T21:42:24.741Z
c-004446_r+001418,reject,2026-05-25T21:42:26.468Z
c+003571_r+002182,reject,2026-05-25T21:42:27.854Z
c+004588_r+001763,reject,2026-05-25T21:42:31.029Z
c+003838_r+002149,reject,2026-05-25T21:42:34.614Z
c+004443_r+001823,reject,2026-05-25T21:42:36.633Z
c+004804_r+001870,reject,2026-05-25T21:42:38.326Z
c+004041_r+002083,reject,2026-05-25T21:42:44.216Z
c-004550_r+001823,reject,2026-05-25T21:42:46.599Z
c+004650_r+001788,reject,2026-05-25T21:42:49.248Z
c+001498_r+001777,reject,2026-05-25T21:42:50.727Z
c-004447_r+001417,reject,2026-05-25T21:42:52.116Z
c+003566_r+002173,reject,2026-05-25T21:42:53.524Z
c+004072_r+002076,reject,2026-05-25T21:42:54.650Z
c+004588_r+001764,reject,2026-05-25T21:42:58.365Z
c+003723_r+002251,reject,2026-05-25T21:42:59.787Z
c-004418_r+001594,reject,2026-05-25T21:43:01.858Z
c-003618_r+001391,reject,2026-05-25T21:43:03.725Z
c+003926_r+002136,reject,2026-05-25T21:43:19.236Z
c-005260_r+001734,reject,2026-05-25T21:43:20.001Z
c+006187_r-001628,reject,2026-05-25T21:43:20.759Z
c+003098_r+001100,reject,2026-05-25T21:43:32.550Z
c+004060_r+001722,reject,2026-05-25T21:43:34.136Z
c+004636_r+001817,reject,2026-05-25T21:43:35.349Z
c-004755_r+001221,reject,2026-05-25T21:43:36.662Z
c-005137_r+001624,reject,2026-05-25T21:43:37.733Z
c+004084_r+002030,reject,2026-05-25T21:43:39.369Z
c+004359_r+001681,reject,2026-05-25T21:43:42.582Z
c+004357_r+001682,reject,2026-05-25T21:43:43.870Z
c+004644_r+001792,reject,2026-05-25T21:43:45.145Z
c+006239_r-001617,reject,2026-05-25T21:43:54.297Z
c+003490_r+001733,reject,2026-05-25T21:43:57.656Z
c+004644_r+001791,reject,2026-05-25T21:43:59.157Z
c+003841_r+002149,reject,2026-05-25T21:44:00.749Z
c+005291_r+002013,reject,2026-05-25T21:44:02.249Z
c-004446_r+001417,reject,2026-05-25T21:44:03.624Z
c+000916_r-001296,keep,2026-05-25T21:44:07.362Z
c+004303_r+001898,reject,2026-05-25T21:44:09.440Z
c+004640_r+001783,reject,2026-05-25T21:44:11.153Z
c+003928_r+002136,reject,2026-05-25T21:44:12.210Z
c+004451_r+001816,reject,2026-05-25T21:44:13.220Z
c-003659_r+001434,reject,2026-05-25T21:44:14.414Z
c+003837_r+001840,reject,2026-05-25T21:44:15.594Z
c+003769_r+002157,reject,2026-05-25T21:44:17.161Z
c+004792_r+001834,reject,2026-05-25T21:44:18.149Z
c+004136_r+001699,reject,2026-05-25T21:44:19.612Z
c+003412_r+001897,reject,2026-05-25T21:44:20.712Z
c-004163_r+001531,reject,2026-05-25T21:44:21.835Z
c-004990_r+001705,reject,2026-05-25T21:44:22.815Z
c+004265_r+001887,reject,2026-05-25T21:44:23.812Z
c+006476_r-001496,reject,2026-05-25T21:44:25.344Z
c-004542_r+001544,reject,2026-05-25T21:44:26.341Z
c-004894_r+001534,reject,2026-05-25T21:44:27.195Z
c+006592_r-001400,reject,2026-05-25T21:44:28.098Z
c-003684_r+001406,reject,2026-05-25T21:44:29.210Z
c-004895_r+001534,reject,2026-05-25T21:44:30.166Z
c-001688_r-000233,reject,2026-05-25T21:44:31.443Z
c+006544_r-001205,reject,2026-05-25T21:44:32.349Z
c+004639_r+001773,reject,2026-05-25T21:44:33.411Z
c-002241_r-000925,reject,2026-05-25T21:44:34.457Z
c+004682_r+001775,reject,2026-05-25T21:44:35.514Z
c+003408_r+000407,reject,2026-05-25T21:44:36.581Z
c-000299_r+001421,reject,2026-05-25T21:44:37.924Z
c+003839_r+002149,reject,2026-05-25T21:44:38.966Z
c-004992_r+001705,reject,2026-05-25T21:44:40.007Z
c+004287_r+001876,reject,2026-05-25T21:44:41.411Z
c+002370_r+001081,reject,2026-05-25T21:44:42.588Z
c-004178_r+001404,reject,2026-05-25T21:44:43.581Z
c+005113_r+001839,reject,2026-05-25T21:44:44.878Z
c+004060_r+001723,keep,2026-05-25T21:44:50.960Z
c+003467_r+001962,reject,2026-05-25T21:44:52.618Z
c+004765_r+001917,reject,2026-05-25T21:44:54.178Z
c+004561_r+001764,reject,2026-05-25T21:44:55.478Z
c+004561_r+001763,reject,2026-05-25T21:44:58.845Z
c-003040_r-001224,reject,2026-05-25T21:45:00.523Z
c+004103_r+001905,reject,2026-05-25T21:45:02.385Z
c+004735_r+001923,reject,2026-05-25T21:45:03.645Z
c+003123_r+001333,reject,2026-05-25T21:45:04.863Z
c+003571_r+002181,reject,2026-05-25T21:45:07.162Z
c+004385_r+001837,reject,2026-05-25T21:45:10.696Z
c-001612_r-000246,reject,2026-05-25T21:45:12.824Z
c+003859_r+002138,reject,2026-05-25T21:45:14.161Z
c+003130_r+001242,reject,2026-05-25T21:45:16.073Z
c+002407_r+001111,reject,2026-05-25T21:45:18.470Z
c-004991_r+001705,reject,2026-05-25T21:45:20.905Z
c+004338_r+001746,reject,2026-05-25T21:45:22.448Z
c+003742_r+002023,reject,2026-05-25T21:45:23.653Z
c+004651_r+001787,reject,2026-05-25T22:01:56.597Z
c+003466_r+001963,reject,2026-05-25T22:01:57.937Z
c+005833_r+001607,reject,2026-05-25T22:02:00.445Z
c+005168_r+001763,reject,2026-05-25T22:02:01.854Z
c+004356_r+001681,reject,2026-05-25T22:02:03.242Z
c+004105_r+001905,keep,2026-05-25T22:02:06.679Z
c+004641_r+001785,reject,2026-05-25T22:02:08.470Z
c+004765_r+001918,reject,2026-05-25T22:02:09.572Z
c+004284_r+001876,reject,2026-05-25T22:02:10.743Z
c-004426_r+001070,reject,2026-05-25T22:02:11.758Z
c+003838_r+002107,reject,2026-05-25T22:02:15.595Z
c+003749_r+002257,reject,2026-05-25T22:02:18.152Z
c+004442_r+001822,reject,2026-05-25T22:02:20.179Z
c+004443_r+001822,reject,2026-05-25T22:02:21.821Z
c+001422_r+001096,reject,2026-05-25T22:02:22.808Z
c+005037_r+002031,reject,2026-05-25T22:02:24.022Z
c+003282_r+001849,reject,2026-05-25T22:02:25.245Z
c+003141_r+001236,reject,2026-05-25T22:02:26.328Z
c-005017_r+001559,reject,2026-05-25T22:02:28.061Z
c+003504_r+002137,reject,2026-05-25T22:02:29.258Z
c+004456_r+001812,reject,2026-05-25T22:02:31.291Z
c+004288_r+001901,reject,2026-05-25T22:02:32.333Z
c+004061_r+001725,reject,2026-05-25T22:02:33.687Z
c+005442_r+002272,reject,2026-05-25T22:02:36.207Z
c+003940_r+002206,reject,2026-05-25T22:02:38.203Z
c+003140_r+001239,reject,2026-05-25T22:02:39.936Z
c+000936_r-001294,reject,2026-05-25T22:02:42.149Z
c-003471_r+002068,reject,2026-05-25T22:02:43.814Z
c-004990_r+001703,reject,2026-05-25T22:02:45.755Z
c-004991_r+001704,reject,2026-05-25T22:02:57.024Z
c-001905_r-000677,reject,2026-05-25T22:02:59.295Z
c+003842_r+002152,reject,2026-05-25T22:03:00.735Z
c-005079_r+001619,reject,2026-05-25T22:03:03.541Z
c-003023_r-000998,reject,2026-05-25T22:03:04.904Z
c-004900_r+001410,keep,2026-05-25T22:03:10.975Z
c-001833_r-000361,reject,2026-05-25T22:03:12.453Z
c+003189_r+001282,reject,2026-05-25T22:03:16.541Z
c+004767_r+001916,reject,2026-05-25T22:03:18.316Z
c+004225_r+001754,reject,2026-05-25T22:03:20.415Z
c+004109_r+001904,reject,2026-05-25T22:03:28.276Z
c-005001_r+001668,reject,2026-05-25T22:03:29.500Z
c+005348_r+002250,reject,2026-05-25T22:03:30.761Z
c-004998_r+001702,reject,2026-05-25T22:03:31.924Z
c-004995_r+001707,reject,2026-05-25T22:03:34.675Z
c-001970_r-000442,reject,2026-05-25T22:03:36.827Z
c-001652_r-000229,reject,2026-05-25T22:03:38.493Z
c+004446_r+001650,reject,2026-05-25T22:03:39.836Z
c+002413_r+001110,reject,2026-05-25T22:03:47.710Z
c+003097_r+001204,reject,2026-05-25T22:03:49.324Z
c+004729_r+001926,reject,2026-05-25T22:03:52.822Z
c+004052_r+002066,reject,2026-05-25T22:03:55.250Z
c+003466_r+001962,reject,2026-05-25T22:03:56.397Z
c+004286_r+001877,reject,2026-05-25T22:03:57.675Z
c+004732_r+001924,reject,2026-05-25T22:03:59.099Z
c-001693_r-000166,reject,2026-05-25T22:04:00.343Z
c-004541_r+001806,reject,2026-05-25T22:04:01.656Z
c-005000_r+001672,reject,2026-05-25T22:04:03.516Z
c-004647_r+001637,reject,2026-05-25T22:04:05.574Z
c+004765_r+001916,reject,2026-05-25T22:04:06.996Z
c+003842_r+002151,reject,2026-05-25T22:04:08.288Z
c+004640_r+001773,reject,2026-05-25T22:04:09.477Z
c+004053_r+002066,reject,2026-05-25T22:04:11.141Z
c+005320_r+002222,reject,2026-05-25T22:04:12.404Z
c-001769_r-000424,reject,2026-05-25T22:04:13.817Z
c-003655_r+001445,reject,2026-05-25T22:04:21.159Z
c-004040_r+002225,reject,2026-05-25T22:04:23.421Z
c-003630_r+001905,reject,2026-05-25T22:04:28.149Z
c-003096_r-000762,reject,2026-05-25T22:04:31.132Z
c+003108_r+001213,reject,2026-05-25T22:04:38.618Z
c+003282_r+001848,reject,2026-05-25T22:04:41.550Z
c-004344_r+001442,reject,2026-05-25T22:04:45.071Z
c+003925_r+002138,reject,2026-05-25T22:04:46.116Z
c+001423_r+001095,keep,2026-05-25T22:04:50.649Z
c+003413_r+001897,reject,2026-05-25T22:04:51.984Z
c-003824_r+001613,reject,2026-05-25T22:04:53.498Z
c+004444_r+001805,reject,2026-05-25T22:04:55.505Z
c+004769_r+001916,reject,2026-05-25T22:04:56.592Z
c+004135_r+001701,reject,2026-05-25T22:04:57.658Z
c+004439_r+001822,reject,2026-05-25T22:04:59.236Z
c+004060_r+001721,keep,2026-05-25T22:05:02.604Z
c+003296_r+001079,reject,2026-05-25T22:05:04.810Z
c+003139_r+001238,reject,2026-05-25T22:05:07.075Z
c-004475_r+001483,reject,2026-05-25T22:05:08.912Z
c-004990_r+001551,reject,2026-05-25T22:05:14.779Z
c+003141_r+000988,reject,2026-05-25T22:05:16.109Z
c+003860_r+002138,reject,2026-05-25T22:05:17.740Z
c-003026_r-000997,reject,2026-05-25T22:05:19.161Z
c-002982_r-001077,reject,2026-05-25T22:05:20.877Z
c+004337_r+001746,reject,2026-05-25T22:05:22.069Z
c+006471_r-001501,reject,2026-05-25T22:05:23.574Z
c+004473_r+001794,reject,2026-05-25T22:05:24.701Z
c+004731_r+001924,reject,2026-05-25T22:05:25.732Z
c+004058_r+001721,reject,2026-05-25T22:05:28.190Z
c+003567_r+002174,reject,2026-05-25T22:05:33.507Z
c+004646_r+001811,reject,2026-05-25T22:05:35.925Z
c+004639_r+001807,reject,2026-05-25T22:05:38.445Z
c-005011_r+001558,reject,2026-05-25T22:05:40.049Z
c-004420_r+001509,reject,2026-05-25T22:05:41.023Z
c+004089_r+002059,reject,2026-05-25T22:05:42.118Z
c+005430_r+002270,reject,2026-05-25T22:05:43.108Z
c+003753_r+002256,reject,2026-05-25T22:05:44.074Z
c-004549_r+001800,reject,2026-05-25T22:05:45.066Z
c+004082_r+002029,reject,2026-05-25T22:05:46.405Z
c-005220_r+001646,reject,2026-05-25T22:05:47.866Z
c+004289_r+001901,reject,2026-05-25T22:05:49.008Z
c+004083_r+002030,reject,2026-05-25T22:05:50.166Z
c+004994_r+001624,reject,2026-05-25T22:05:51.359Z
c+004447_r+001803,reject,2026-05-25T22:05:52.424Z
c+004786_r+001819,reject,2026-05-25T22:05:53.601Z
c+004129_r+002112,reject,2026-05-25T22:05:55.851Z
c-005221_r+001646,reject,2026-05-25T22:05:56.924Z
c-004935_r+001518,reject,2026-05-25T22:05:57.967Z
c+003927_r+002136,reject,2026-05-25T22:05:59.099Z
c+006425_r-000911,reject,2026-05-25T22:06:00.154Z
c+004642_r+001790,reject,2026-05-25T22:06:01.162Z
c+004105_r+001904,reject,2026-05-25T22:06:06.404Z
c+004980_r+001996,reject,2026-05-25T22:06:07.479Z
c+003752_r+002255,reject,2026-05-25T22:06:09.067Z
c+003859_r+002139,reject,2026-05-25T22:06:10.729Z
c-003777_r+001942,reject,2026-05-25T22:06:11.858Z
c+006240_r-001616,reject,2026-05-25T22:06:13.268Z
c-005013_r+001558,reject,2026-05-25T22:06:14.835Z
c+004453_r+001814,reject,2026-05-25T22:06:16.376Z
c+004734_r+001925,keep,2026-05-25T22:06:23.146Z
c+004645_r+001791,reject,2026-05-25T22:06:26.446Z
c+005067_r+001038,reject,2026-05-25T22:06:27.790Z
c-005018_r+001563,reject,2026-05-25T22:06:29.957Z
c+004357_r+001683,reject,2026-05-25T22:06:31.019Z
c+003180_r+001275,reject,2026-05-25T22:06:32.163Z
c+004058_r+001723,reject,2026-05-25T22:06:33.101Z
c-004913_r+001517,reject,2026-05-25T22:06:34.699Z
c+004641_r+001791,reject,2026-05-25T22:06:35.791Z
c+004768_r+001915,reject,2026-05-25T22:06:36.743Z
c+004448_r+001793,reject,2026-05-25T22:06:37.899Z
c+005172_r+001745,keep,2026-05-25T22:06:43.863Z
c-004372_r+001333,reject,2026-05-25T22:06:45.243Z
c+004765_r+001915,reject,2026-05-25T22:06:46.604Z
c+004799_r+001994,reject,2026-05-25T22:06:48.304Z
c-005226_r+002228,reject,2026-05-25T22:06:49.286Z
c+003123_r+001334,keep,2026-05-25T22:06:55.308Z
c+003928_r+002138,reject,2026-05-25T22:06:56.442Z
c+003537_r+002189,reject,2026-05-25T22:06:58.188Z
c-004540_r+001807,reject,2026-05-25T22:06:59.403Z
c+004373_r+001827,reject,2026-05-25T22:07:00.328Z
c+004088_r+002059,reject,2026-05-25T22:07:01.264Z
c-004164_r+001339,reject,2026-05-25T22:07:02.314Z
c+004643_r+001797,reject,2026-05-25T22:07:03.246Z
c+004648_r+001923,reject,2026-05-25T22:07:04.168Z
c+003742_r+002022,reject,2026-05-25T22:07:05.894Z
c+003754_r+002255,reject,2026-05-25T22:07:06.941Z
c+001422_r+001095,reject,2026-05-25T22:07:08.686Z
c+003149_r+001241,reject,2026-05-25T22:07:10.470Z
c-004448_r+001432,reject,2026-05-25T22:07:11.567Z
c+005236_r+001080,keep,2026-05-25T22:07:15.687Z
c+004305_r+001901,reject,2026-05-25T22:07:18.422Z
c-001851_r-000358,reject,2026-05-25T22:07:19.620Z
c+004040_r+002083,reject,2026-05-25T22:07:20.538Z
c+005397_r+002427,reject,2026-05-25T22:07:21.516Z
c+004062_r+001726,reject,2026-05-25T22:07:22.806Z
c+000550_r+002609,reject,2026-05-25T22:07:23.778Z
c-004445_r+001430,reject,2026-05-25T22:07:24.981Z
c+004713_r+002017,reject,2026-05-25T22:07:26.992Z
c+004981_r+001979,reject,2026-05-25T22:07:27.862Z
c-004160_r+001329,reject,2026-05-25T22:07:29.421Z
c+004306_r+001901,reject,2026-05-25T22:07:30.303Z
c+004264_r+001887,reject,2026-05-25T22:07:31.237Z
c+005441_r+002274,reject,2026-05-25T22:07:32.103Z
c-005104_r+001801,keep,2026-05-25T22:07:38.113Z
c-005000_r+001669,reject,2026-05-25T22:07:39.696Z
c+005114_r+001811,reject,2026-05-25T22:07:42.352Z
c+005505_r+001676,reject,2026-05-25T22:07:43.359Z
c+004226_r+001754,reject,2026-05-25T22:07:44.423Z
c+005436_r+002273,reject,2026-05-25T22:07:45.370Z
c-000299_r+001419,reject,2026-05-25T22:07:46.292Z
c-004145_r+001546,reject,2026-05-25T22:07:47.446Z
c+004650_r+001841,reject,2026-05-25T22:07:50.079Z
c+003721_r+002253,reject,2026-05-25T22:07:52.136Z
c+004995_r+001989,reject,2026-05-25T22:07:55.316Z
c-003022_r-001018,keep,2026-05-25T22:07:59.261Z
c+004285_r+001876,reject,2026-05-25T22:08:01.578Z
c+002426_r+000818,reject,2026-05-25T22:33:05.216Z
c+005022_r+001990,reject,2026-05-25T22:33:06.791Z
c-001854_r-000540,reject,2026-05-25T22:33:08.174Z
c+003685_r+002280,reject,2026-05-25T22:33:09.501Z
c+002445_r+001045,reject,2026-05-25T22:33:11.122Z
c+003412_r+001894,reject,2026-05-25T22:33:12.284Z
c-004356_r+001474,reject,2026-05-25T22:33:13.703Z
c+004072_r+002077,reject,2026-05-25T22:33:14.717Z
c+006240_r-001615,reject,2026-05-25T22:33:15.683Z
c+004587_r+001763,reject,2026-05-25T22:33:16.778Z
c+004983_r+001977,reject,2026-05-25T22:33:18.024Z
c-005020_r+001657,keep,2026-05-25T22:33:23.694Z
c+004327_r+001859,reject,2026-05-25T22:33:25.301Z
c+004108_r+001907,reject,2026-05-25T22:33:26.460Z
c-004448_r+001431,reject,2026-05-25T22:33:27.803Z
c+003300_r+001887,reject,2026-05-25T22:33:28.876Z
c-004995_r+001706,reject,2026-05-25T22:33:29.791Z
c+004639_r+001789,reject,2026-05-25T22:33:30.708Z
c+005442_r+002271,reject,2026-05-25T22:33:31.695Z
c+004638_r+001826,reject,2026-05-25T22:33:32.567Z
c-005215_r+001689,reject,2026-05-25T22:33:33.558Z
c-004543_r+001453,reject,2026-05-25T22:33:34.337Z
c+005298_r+002133,reject,2026-05-25T22:33:35.150Z
c-004333_r+001332,reject,2026-05-25T22:33:35.850Z
c+004383_r+001838,reject,2026-05-25T22:33:43.158Z
c+003752_r+002257,reject,2026-05-25T22:33:48.252Z
c+003572_r+002179,reject,2026-05-25T22:33:49.166Z
c+004639_r+001787,reject,2026-05-25T22:33:50.267Z
c-004992_r+001558,reject,2026-05-25T22:33:51.110Z
c+003453_r+001744,reject,2026-05-25T22:33:52.087Z
c+001983_r+001160,reject,2026-05-25T22:33:52.841Z
c+004356_r+001682,reject,2026-05-25T22:33:53.669Z
c+003808_r+001937,reject,2026-05-25T22:33:54.641Z
c+004633_r+001739,reject,2026-05-25T22:33:55.450Z
c-005137_r+001627,reject,2026-05-25T22:33:56.276Z
c-005025_r+001530,reject,2026-05-25T22:33:57.779Z
c+004655_r+001911,reject,2026-05-25T22:33:58.624Z
c-005000_r+001667,reject,2026-05-25T22:33:59.518Z
c-004991_r+001703,reject,2026-05-25T22:34:00.343Z
c+004767_r+001917,reject,2026-05-25T22:34:01.162Z
c+004108_r+001796,reject,2026-05-25T22:34:02.040Z
c+004680_r+001776,reject,2026-05-25T22:34:02.795Z
c+004637_r+001776,reject,2026-05-25T22:34:03.663Z
c+001982_r+001161,reject,2026-05-25T22:34:04.504Z
c+003814_r+002298,reject,2026-05-25T22:34:05.314Z
c+003563_r+002174,reject,2026-05-25T22:34:07.116Z
c+004651_r+001788,reject,2026-05-25T22:34:07.856Z
c+004731_r+001923,reject,2026-05-25T22:34:08.520Z
c+003653_r+002009,reject,2026-05-25T22:34:09.183Z
c-005078_r+001619,reject,2026-05-25T22:34:09.896Z
c+003926_r+002137,reject,2026-05-25T22:34:10.572Z
c+004452_r+001814,reject,2026-05-25T22:34:11.289Z
c+004108_r+001908,reject,2026-05-25T22:34:11.997Z
c-004546_r+001798,reject,2026-05-25T22:34:12.709Z
c+005399_r+002345,reject,2026-05-25T22:34:13.545Z
c+004633_r+001925,reject,2026-05-25T22:34:14.315Z
c+004054_r+002066,reject,2026-05-25T22:34:15.254Z
c+004968_r+001988,reject,2026-05-25T22:34:16.424Z
c+004642_r+001785,reject,2026-05-25T22:34:17.254Z
c+004363_r+001678,reject,2026-05-25T22:34:17.979Z
c+003883_r+002082,reject,2026-05-25T22:34:18.793Z
c+004642_r+001789,reject,2026-05-25T22:34:19.733Z
c-003989_r+000797,reject,2026-05-25T22:34:20.821Z
c+003349_r+001863,reject,2026-05-25T22:34:22.312Z
c+004561_r+001762,reject,2026-05-25T22:34:23.157Z
c+005361_r+002053,reject,2026-05-25T22:34:23.840Z
c-004444_r+001429,reject,2026-05-25T22:34:24.892Z
c+004646_r+001810,reject,2026-05-25T22:34:25.928Z
c+004357_r+001680,reject,2026-05-25T22:34:26.915Z
c+004059_r+001724,reject,2026-05-25T22:34:27.735Z
c+003723_r+002254,reject,2026-05-25T22:34:28.650Z
c+005319_r+002224,reject,2026-05-25T22:34:29.598Z
c+004336_r+001746,reject,2026-05-25T22:34:30.662Z
c+003467_r+001961,reject,2026-05-25T22:34:31.744Z
c+004083_r+002029,reject,2026-05-25T22:34:32.789Z
c-001941_r-000776,reject,2026-05-25T22:34:33.908Z
c+003816_r+002154,reject,2026-05-25T22:34:36.178Z
c+004639_r+001772,reject,2026-05-25T22:34:37.649Z
c+006552_r-001219,reject,2026-05-25T22:34:38.947Z
c-005104_r+001802,keep,2026-05-25T22:34:43.329Z
c+003490_r+001734,reject,2026-05-25T22:34:44.820Z
c+004140_r+001702,reject,2026-05-25T22:34:45.842Z
c+003104_r+001209,reject,2026-05-25T22:34:47.746Z
c+003105_r+001211,reject,2026-05-25T22:34:50.603Z
c+004641_r+001788,reject,2026-05-25T22:34:53.070Z
c+004976_r+001979,reject,2026-05-25T22:34:55.011Z
c+002370_r+001082,reject,2026-05-25T22:34:56.095Z
c+003882_r+002082,reject,2026-05-25T22:34:57.287Z
c+004566_r+001764,reject,2026-05-25T22:34:59.565Z
c-000254_r+001715,reject,2026-05-25T22:35:01.348Z
c+004442_r+001823,reject,2026-05-25T22:35:03.421Z
c+003335_r+001841,reject,2026-05-25T22:35:04.472Z
c+004643_r+001782,reject,2026-05-25T22:35:05.406Z
c+002444_r+001045,reject,2026-05-25T22:35:06.991Z
c+006394_r-000877,reject,2026-05-25T22:35:08.553Z
c+000926_r-001329,reject,2026-05-25T22:35:10.090Z
c+004117_r+002111,reject,2026-05-25T22:35:11.381Z
c+005319_r+002223,reject,2026-05-25T22:35:12.519Z
c+003548_r+002005,reject,2026-05-25T22:35:13.540Z
c+005420_r+002310,reject,2026-05-25T22:35:14.582Z
c+003110_r+001204,reject,2026-05-25T22:35:16.158Z
c-004678_r+001676,reject,2026-05-25T22:35:17.665Z
c-001769_r-000423,reject,2026-05-25T22:35:19.056Z
c+003299_r+001887,reject,2026-05-25T22:35:20.039Z
c+004057_r+001723,reject,2026-05-25T22:35:21.162Z
c+003334_r+001840,reject,2026-05-25T22:35:22.030Z
c+005361_r+002054,reject,2026-05-25T22:35:22.848Z
c+001423_r+001096,reject,2026-05-25T22:35:24.086Z
c+005078_r+001477,reject,2026-05-25T22:35:25.045Z
c+004061_r+001721,reject,2026-05-25T22:35:25.998Z
c-004447_r+001432,reject,2026-05-25T22:35:26.973Z
c+004472_r+001794,reject,2026-05-25T22:35:27.882Z
c-001941_r-000777,reject,2026-05-25T22:35:28.957Z
c+003133_r+001214,reject,2026-05-25T22:35:29.921Z
c+004958_r+001927,reject,2026-05-25T22:35:33.770Z
c-004630_r+001376,reject,2026-05-25T22:35:34.706Z
c+003512_r+001728,reject,2026-05-25T22:35:35.670Z
c+004365_r+001827,reject,2026-05-25T22:35:36.480Z
c+003466_r+001961,reject,2026-05-25T22:35:37.347Z
c-004830_r+002002,reject,2026-05-25T22:35:38.186Z
c+005054_r+001511,reject,2026-05-25T22:35:39.015Z
c+004473_r+001792,reject,2026-05-25T22:35:39.897Z
c+003335_r+001840,reject,2026-05-25T22:35:40.687Z
c+004631_r+001926,reject,2026-05-25T22:35:41.608Z
c+003281_r+001849,reject,2026-05-25T22:35:42.428Z
c-001953_r-000770,reject,2026-05-25T22:35:43.204Z
c+004058_r+001722,reject,2026-05-25T22:35:43.970Z
c+003929_r+002076,reject,2026-05-25T22:35:44.748Z
c+004640_r+001789,reject,2026-05-25T22:35:45.523Z
c+004645_r+001785,reject,2026-05-25T22:35:46.306Z
c+004653_r+001787,reject,2026-05-25T22:35:47.091Z
c-004936_r+001520,reject,2026-05-25T22:35:47.863Z
c+004641_r+001786,reject,2026-05-25T22:35:48.562Z
c+003514_r+002134,reject,2026-05-25T22:35:49.228Z
c+004366_r+001827,reject,2026-05-25T22:35:50.781Z
c+003916_r+002073,reject,2026-05-25T22:35:51.705Z
c-004990_r+001555,reject,2026-05-25T22:35:52.357Z
c+004220_r+001756,reject,2026-05-25T22:35:53.128Z
c+004976_r+001978,reject,2026-05-25T22:35:53.796Z
c+003483_r+001929,reject,2026-05-25T22:35:54.505Z
c-005222_r+001647,reject,2026-05-25T22:35:55.055Z
c+003841_r+002151,reject,2026-05-25T22:35:55.689Z
c+004261_r+001888,reject,2026-05-25T22:35:56.295Z
c-004903_r+001408,reject,2026-05-25T22:35:56.986Z
c-004926_r+001435,reject,2026-05-25T22:35:57.653Z
c+003566_r+002174,reject,2026-05-25T22:35:58.296Z
c+004654_r+001911,reject,2026-05-25T22:35:58.964Z
c-004991_r+001558,reject,2026-05-25T22:35:59.631Z
c+003842_r+002149,reject,2026-05-25T22:36:00.370Z
c-004914_r+001517,reject,2026-05-25T22:36:01.120Z
c+004639_r+001827,reject,2026-05-25T22:36:01.874Z
c+003281_r+001848,reject,2026-05-25T22:36:02.574Z
c+004231_r+001754,reject,2026-05-25T22:36:03.247Z
c+003875_r+002139,reject,2026-05-25T22:36:03.896Z
c+003342_r+001805,reject,2026-05-25T22:36:04.529Z
c-001770_r-000423,reject,2026-05-25T22:36:05.157Z
c+004473_r+001795,reject,2026-05-25T22:36:05.820Z
c+004357_r+001681,reject,2026-05-25T22:36:06.437Z
c+004980_r+001995,reject,2026-05-25T22:36:07.065Z
c+004641_r+001790,reject,2026-05-25T23:06:34.720Z
c+004472_r+001795,reject,2026-05-25T23:06:35.778Z
c+002907_r+001762,reject,2026-05-25T23:06:36.640Z
c+003875_r+002138,reject,2026-05-25T23:06:37.391Z
c+004441_r+001823,reject,2026-05-25T23:06:38.103Z
c+004646_r+001785,reject,2026-05-25T23:06:39.859Z
c+004483_r+001776,reject,2026-05-25T23:06:42.025Z
c-001918_r-000553,reject,2026-05-25T23:06:42.753Z
c+004631_r+001925,reject,2026-05-25T23:06:43.387Z
c+005435_r+002273,reject,2026-05-25T23:06:44.022Z
c-005011_r+001557,reject,2026-05-25T23:06:44.636Z
c+003874_r+002140,reject,2026-05-25T23:06:45.257Z
c+003876_r+002178,reject,2026-05-25T23:06:45.738Z
c-004994_r+001709,reject,2026-05-25T23:06:46.203Z
c-005016_r+001659,reject,2026-05-25T23:06:46.624Z
c+000926_r-001330,reject,2026-05-25T23:06:47.058Z
c+003537_r+001945,reject,2026-05-25T23:06:47.499Z
c+004355_r+001679,reject,2026-05-25T23:06:47.942Z
c+003562_r+002174,reject,2026-05-25T23:06:48.388Z
c-004336_r+001329,reject,2026-05-25T23:06:48.790Z
c+004474_r+001793,reject,2026-05-25T23:06:49.158Z
c+003769_r+002156,reject,2026-05-25T23:06:49.523Z
c+004641_r+001784,reject,2026-05-25T23:06:49.833Z
c-005016_r+001658,reject,2026-05-25T23:06:50.159Z
c+004061_r+001726,reject,2026-05-25T23:06:50.495Z
c+001422_r+001094,reject,2026-05-25T23:06:50.770Z
c-002901_r-001081,reject,2026-05-25T23:06:51.078Z
c+003802_r+002025,reject,2026-05-25T23:06:51.395Z
c+003342_r+001809,reject,2026-05-25T23:06:51.746Z
c-004990_r+001557,reject,2026-05-25T23:06:52.070Z
c+003703_r+002229,reject,2026-05-25T23:06:52.383Z
c-003041_r-001224,reject,2026-05-25T23:06:52.712Z
c+004638_r+001772,reject,2026-05-25T23:06:53.058Z
c+004642_r+001797,reject,2026-05-25T23:06:53.516Z
c+003928_r+002137,reject,2026-05-25T23:06:53.898Z
c+004645_r+001811,reject,2026-05-25T23:06:54.258Z
c+004634_r+001924,reject,2026-05-25T23:06:54.648Z
c-004912_r+001539,reject,2026-05-25T23:06:55.038Z
c+001421_r+001096,reject,2026-05-25T23:06:55.398Z
c-003021_r-000912,reject,2026-05-25T23:06:55.780Z
c+004458_r+001837,reject,2026-05-25T23:06:56.158Z
c+003925_r+002139,reject,2026-05-25T23:06:56.561Z
c+003564_r+002174,reject,2026-05-25T23:06:57.648Z
c+002411_r+001101,reject,2026-05-25T23:06:57.928Z
c+004284_r+001900,reject,2026-05-25T23:06:58.412Z
c+003838_r+002150,reject,2026-05-25T23:06:58.878Z
c+003480_r+001731,reject,2026-05-25T23:06:59.470Z
c-004450_r+001432,reject,2026-05-25T23:07:00.589Z
c+001578_r+001488,reject,2026-05-25T23:07:01.083Z
c+004059_r+001723,reject,2026-05-25T23:07:02.101Z
c+004081_r+002030,reject,2026-05-25T23:07:02.570Z
c+002410_r+001101,reject,2026-05-25T23:07:03.116Z
c+002371_r+001082,reject,2026-05-25T23:07:03.500Z
c+004448_r+001798,reject,2026-05-25T23:07:03.971Z
c+004057_r+001722,reject,2026-05-25T23:07:04.331Z
c+004069_r+002075,reject,2026-05-25T23:07:04.671Z
c+004080_r+001711,reject,2026-05-25T23:07:05.003Z
c-005010_r+001557,reject,2026-05-25T23:07:05.340Z
c+004107_r+001908,reject,2026-05-25T23:07:05.653Z
c-001970_r-000443,reject,2026-05-25T23:07:05.981Z
c+005309_r+002114,reject,2026-05-25T23:07:06.266Z
c+003839_r+002106,reject,2026-05-25T23:07:06.603Z
c-002982_r-001076,reject,2026-05-25T23:07:07.203Z
c-005131_r+001636,reject,2026-05-25T23:07:07.480Z
c-004444_r+001430,reject,2026-05-25T23:07:07.820Z
c+005385_r+002134,reject,2026-05-25T23:07:08.111Z
c-004817_r+001321,reject,2026-05-25T23:07:08.403Z
c+003841_r+002152,reject,2026-05-25T23:07:08.681Z
c-005019_r+001564,reject,2026-05-25T23:07:09.186Z
c+004475_r+001793,reject,2026-05-25T23:07:09.765Z
c+004369_r+001862,reject,2026-05-25T23:07:11.284Z
c+003753_r+002255,reject,2026-05-25T23:07:13.727Z
c+003829_r+002059,reject,2026-05-25T23:07:14.682Z
c+004078_r+001712,reject,2026-05-25T23:07:16.339Z
c+004230_r+001755,reject,2026-05-25T23:07:16.871Z
c+004221_r+001753,reject,2026-05-25T23:07:17.293Z
c+004368_r+001863,reject,2026-05-25T23:07:17.708Z
c+004440_r+001823,reject,2026-05-25T23:07:18.020Z
c+004250_r+001909,reject,2026-05-25T23:07:18.350Z
c-001644_r-000220,reject,2026-05-25T23:07:18.673Z
c+005993_r-001492,reject,2026-05-25T23:07:18.987Z
c+001421_r+001095,reject,2026-05-25T23:07:19.332Z
c+004686_r+001763,reject,2026-05-25T23:07:19.647Z
c-001969_r-000442,reject,2026-05-25T23:07:20.315Z
c+004107_r+001797,reject,2026-05-25T23:07:20.633Z
c+004632_r+001925,reject,2026-05-25T23:07:20.967Z
c+003412_r+001896,reject,2026-05-25T23:07:21.364Z
c+004721_r+001987,reject,2026-05-25T23:07:21.928Z
c+004652_r+001788,reject,2026-05-25T23:07:22.355Z
c+004977_r+001975,reject,2026-05-25T23:07:23.335Z
c+004251_r+001909,reject,2026-05-25T23:07:24.012Z
c+001714_r+000942,reject,2026-05-25T23:07:24.879Z
c+004639_r+001788,reject,2026-05-25T23:07:25.347Z
c+001981_r+001160,reject,2026-05-25T23:07:25.864Z
c+004459_r+001840,reject,2026-05-25T23:07:26.248Z
c+004222_r+001753,reject,2026-05-25T23:07:26.586Z
c+004742_r+001948,reject,2026-05-25T23:07:27.186Z
c-002910_r-001083,reject,2026-05-25T23:07:27.965Z
c-004545_r+001797,reject,2026-05-25T23:07:28.550Z
c+004358_r+001678,reject,2026-05-25T23:07:29.078Z
c+003907_r+002141,reject,2026-05-25T23:07:29.487Z
c+004107_r+001798,reject,2026-05-25T23:07:29.991Z
c-004481_r+001150,reject,2026-05-25T23:07:30.704Z
c-005130_r+001639,reject,2026-05-25T23:07:31.288Z
c+003498_r+001728,reject,2026-05-25T23:07:31.813Z
c+006551_r-001219,reject,2026-05-25T23:07:32.300Z
c+004637_r+001888,reject,2026-05-25T23:07:32.623Z
c-004899_r+001366,reject,2026-05-25T23:07:33.290Z
c+003874_r+002138,reject,2026-05-25T23:07:33.720Z
c-004439_r+001030,reject,2026-05-25T23:07:34.103Z
c+001703_r+001008,reject,2026-05-25T23:07:34.409Z
c+002412_r+001110,reject,2026-05-25T23:07:34.798Z
c+003840_r+002030,reject,2026-05-25T23:07:35.128Z
c+004489_r+001775,reject,2026-05-25T23:07:35.586Z
c+004639_r+001801,reject,2026-05-25T23:07:35.953Z
c+004767_r+001915,reject,2026-05-25T23:07:36.253Z
c-004481_r+001152,reject,2026-05-25T23:07:36.639Z
c+003280_r+001848,reject,2026-05-25T23:07:36.981Z
c+004640_r+001788,reject,2026-05-25T23:07:37.313Z
c+004785_r+001825,reject,2026-05-25T23:07:37.656Z
c+001574_r+001463,reject,2026-05-25T23:07:38.003Z
c+004079_r+001712,reject,2026-05-25T23:07:38.308Z
c+003411_r+001895,reject,2026-05-25T23:07:38.709Z
c+001613_r+001146,reject,2026-05-25T23:07:39.097Z
c+004562_r+001763,reject,2026-05-25T23:07:39.753Z
c-004899_r+001367,reject,2026-05-25T23:07:40.095Z
c+004652_r+001787,reject,2026-05-25T23:07:40.439Z
c+003413_r+001896,reject,2026-05-25T23:07:40.756Z
c-004990_r+001550,reject,2026-05-25T23:07:41.140Z
c+003479_r+001732,reject,2026-05-25T23:07:41.789Z
c+004080_r+001712,reject,2026-05-25T23:07:42.186Z
c-005013_r+001559,reject,2026-05-25T23:07:42.809Z
c+006239_r-001615,reject,2026-05-25T23:07:43.171Z
c+003468_r+001961,reject,2026-05-25T23:07:43.520Z
c+004086_r+002041,reject,2026-05-25T23:07:43.845Z
c-005018_r+001564,reject,2026-05-25T23:07:44.197Z
c+003874_r+002139,reject,2026-05-25T23:07:44.534Z
c+004106_r+001798,reject,2026-05-25T23:07:44.916Z
c+003342_r+001804,reject,2026-05-25T23:07:45.224Z
c+003624_r+002006,reject,2026-05-25T23:07:45.562Z
c+004896_r+002068,reject,2026-05-25T23:07:45.913Z
c+004450_r+001817,reject,2026-05-25T23:07:46.581Z
c+002218_r+001134,reject,2026-05-25T23:07:47.122Z
c+003830_r+002059,reject,2026-05-25T23:07:47.511Z
c+004305_r+001899,reject,2026-05-25T23:07:47.903Z
c+004328_r+001871,reject,2026-05-25T23:07:48.257Z
c+003483_r+001930,reject,2026-05-25T23:07:48.729Z
c+001743_r+001354,reject,2026-05-25T23:07:49.087Z
c+003481_r+001732,reject,2026-05-25T23:07:49.523Z
c+003619_r+002006,reject,2026-05-25T23:07:49.916Z
c+002409_r+001109,reject,2026-05-25T23:07:50.196Z
c+003839_r+002150,reject,2026-05-25T23:07:50.804Z
c+003480_r+001732,reject,2026-05-25T23:07:51.142Z
c+002218_r+001135,reject,2026-05-25T23:07:51.495Z
c+004473_r+001793,reject,2026-05-25T23:07:52.130Z
c+003830_r+002058,reject,2026-05-25T23:07:52.568Z
c+004062_r+001778,reject,2026-05-25T23:07:52.919Z
c+003481_r+001731,reject,2026-05-25T23:07:53.244Z
c+003927_r+002137,reject,2026-05-25T23:07:57.246Z
